通し番号,元ZIP,元フォルダ,ファイル名（パック内）,元ファイル名（manifest）,カテゴリ,題名,想定用途,区分（manifest）,実装状況,保存,派生ファイル,透過処理,保存パス,sha256
1,part1,01_treasure_chests,chest_01_base.jpeg,file_1791013227021.jpeg,宝箱,宝箱 chest_01・本体,宝箱（4種類＝別ランク・別用途。正式の対応表は待ち）,正式素材,実装済み（Chapter 1 の通常の宝箱）,保存済み,assets/chests/chest_01_base.webp,あり（灰色の無地の背景を除去）,assets/chests/original/chest_01_base.jpeg,0fcf648867104c240ddc93d3da532888f70287596dbdfffe90641690b6a9f74b
2,part1,01_treasure_chests,chest_01_anim_01.jpeg,file_1791013232559.jpeg,宝箱,宝箱 chest_01・開封1,宝箱（4種類＝別ランク・別用途。正式の対応表は待ち）,正式素材,実装済み（Chapter 1 の通常の宝箱）,保存済み,assets/chests/chest_01_anim_01.webp,あり（灰色の無地の背景を除去）,assets/chests/original/chest_01_anim_01.jpeg,fc167dac547eef5f3b5508ea150b75ee041226176fb9970c0e4d4816663771cb
3,part1,01_treasure_chests,chest_01_anim_02.jpeg,file_1791013234617.jpeg,宝箱,宝箱 chest_01・開封2,宝箱（4種類＝別ランク・別用途。正式の対応表は待ち）,正式素材,実装済み（Chapter 1 の通常の宝箱）,保存済み,assets/chests/chest_01_anim_02.webp,あり（灰色の無地の背景を除去）,assets/chests/original/chest_01_anim_02.jpeg,a76052858ae4ada51f68beabae2b33c3b3c3618a8f02a6b220a6084ee63f75bd
4,part1,01_treasure_chests,chest_01_anim_03.jpeg,file_1791013236291.jpeg,宝箱,宝箱 chest_01・開封3,宝箱（4種類＝別ランク・別用途。正式の対応表は待ち）,正式素材,実装済み（Chapter 1 の通常の宝箱）,保存済み,assets/chests/chest_01_anim_03.webp,あり（灰色の無地の背景を除去）,assets/chests/original/chest_01_anim_03.jpeg,d525f69f5be6384eb48a6810cae75881e576f6f36ddda08cbfd589a6e3b524c7
5,part1,01_treasure_chests,chest_01_anim_04.jpeg,file_1791013238184.jpeg,宝箱,宝箱 chest_01・開封4,宝箱（4種類＝別ランク・別用途。正式の対応表は待ち）,正式素材,実装済み（Chapter 1 の通常の宝箱）,保存済み,assets/chests/chest_01_anim_04.webp,あり（灰色の無地の背景を除去）,assets/chests/original/chest_01_anim_04.jpeg,c3a7d978d1be637e38dddb9a1c2acc9ad23ee3df602f205a7f1a96654f22bd1e
6,part1,01_treasure_chests,chest_02_base.jpeg,file_1791013268551.jpeg,宝箱,宝箱 chest_02・本体,宝箱（4種類＝別ランク・別用途。正式の対応表は待ち）,正式素材,保存のみ（用途は対応表待ち）,保存済み,assets/chests/chest_02_base.webp,あり（灰色の無地の背景を除去）,assets/chests/original/chest_02_base.jpeg,8a520dbedacecdfa5fed0c8809226b1ba9038cca3ceb6976987eb23758cdbfb3
7,part1,01_treasure_chests,chest_02_anim_01.jpeg,file_1791013305278.jpeg,宝箱,宝箱 chest_02・開封1,宝箱（4種類＝別ランク・別用途。正式の対応表は待ち）,正式素材,保存のみ（用途は対応表待ち）,保存済み,assets/chests/chest_02_anim_01.webp,あり（灰色の無地の背景を除去）,assets/chests/original/chest_02_anim_01.jpeg,0c50d40e75af40268057b4a749b87578625a371d1eec210992662997cce72e69
8,part1,01_treasure_chests,chest_02_anim_02.jpeg,file_1791013309788(2).jpeg,宝箱,宝箱 chest_02・開封2,宝箱（4種類＝別ランク・別用途。正式の対応表は待ち）,正式素材,保存のみ（用途は対応表待ち）,保存済み,assets/chests/chest_02_anim_02.webp,あり（灰色の無地の背景を除去）,assets/chests/original/chest_02_anim_02.jpeg,9d8be93060ba9cd119cd2a3b92c94ff6830fedbd36a1a350f80c641448c8e505
9,part1,01_treasure_chests,chest_02_anim_03.jpeg,file_1791013310947.jpeg,宝箱,宝箱 chest_02・開封3,宝箱（4種類＝別ランク・別用途。正式の対応表は待ち）,正式素材,保存のみ（用途は対応表待ち）,保存済み,assets/chests/chest_02_anim_03.webp,あり（灰色の無地の背景を除去）,assets/chests/original/chest_02_anim_03.jpeg,0f4c5f4c3b2eea358a7ff5a3d52e0a753da8e12785d75f72ae3a36bb55f3cf4f
10,part1,01_treasure_chests,chest_02_anim_04.jpeg,file_1791013312424(20261003-074548).jpeg,宝箱,宝箱 chest_02・開封4,宝箱（4種類＝別ランク・別用途。正式の対応表は待ち）,正式素材,保存のみ（用途は対応表待ち）,保存済み,assets/chests/chest_02_anim_04.webp,あり（灰色の無地の背景を除去）,assets/chests/original/chest_02_anim_04.jpeg,dafdf3f28611f18fa6b8de7f284b5923ca26ff5d006e53dd5d2beadc0df3614f
11,part1,01_treasure_chests,chest_03_base.jpeg,file_1791013322470(3).jpeg,宝箱,宝箱 chest_03・本体,宝箱（4種類＝別ランク・別用途。正式の対応表は待ち）,正式素材,保存のみ（用途は対応表待ち）,保存済み,assets/chests/chest_03_base.webp,あり（灰色の無地の背景を除去）,assets/chests/original/chest_03_base.jpeg,3778f58a1ac08d6f4ff2c56e2602b95afaec57bb0899672411fbcbfd998884a9
12,part1,01_treasure_chests,chest_03_anim_01.jpeg,file_1791013338095(3).jpeg,宝箱,宝箱 chest_03・開封1,宝箱（4種類＝別ランク・別用途。正式の対応表は待ち）,正式素材,保存のみ（用途は対応表待ち）,保存済み,assets/chests/chest_03_anim_01.webp,あり（灰色の無地の背景を除去）,assets/chests/original/chest_03_anim_01.jpeg,c156232c8a4853d1451e4d48f7f5d3ce7f648c388e2d49188796c3af6aeca9ea
13,part1,01_treasure_chests,chest_03_anim_02.jpeg,file_1791013339997(3).jpeg,宝箱,宝箱 chest_03・開封2,宝箱（4種類＝別ランク・別用途。正式の対応表は待ち）,正式素材,保存のみ（用途は対応表待ち）,保存済み,assets/chests/chest_03_anim_02.webp,あり（灰色の無地の背景を除去）,assets/chests/original/chest_03_anim_02.jpeg,ab3da4564049c89d476c15a9d5ea0032ff4387819b0c67715c15ef1c78cace6d
14,part1,01_treasure_chests,chest_03_anim_03.jpeg,file_1791013342026(2).jpeg,宝箱,宝箱 chest_03・開封3,宝箱（4種類＝別ランク・別用途。正式の対応表は待ち）,正式素材,保存のみ（用途は対応表待ち）,保存済み,assets/chests/chest_03_anim_03.webp,あり（灰色の無地の背景を除去）,assets/chests/original/chest_03_anim_03.jpeg,3fe69770f3b27490dfb4c6f798b4fd8e1bec3f39477b619e676ecfddc815fb8c
15,part1,01_treasure_chests,chest_03_anim_04.jpeg,file_1791013344197(2).jpeg,宝箱,宝箱 chest_03・開封4,宝箱（4種類＝別ランク・別用途。正式の対応表は待ち）,正式素材,保存のみ（用途は対応表待ち）,保存済み,assets/chests/chest_03_anim_04.webp,あり（灰色の無地の背景を除去）,assets/chests/original/chest_03_anim_04.jpeg,01f4cd3e3b5159cffe44a97100a489742b0592adff52efe753c8ebe1e35aaf2c
16,part1,01_treasure_chests,chest_04_base.jpeg,file_1791013351297(2).jpeg,宝箱,宝箱 chest_04・本体,宝箱（4種類＝別ランク・別用途。正式の対応表は待ち）,正式素材,実装済み（Chapter 1 の特別な宝箱）,保存済み,assets/chests/chest_04_base.webp,あり（灰色の無地の背景を除去）,assets/chests/original/chest_04_base.jpeg,b325be6854f5bb3976a83b6d6ea978e624e8f8216c368e6010b19eac4703aa23
17,part1,01_treasure_chests,chest_04_anim_01.jpeg,file_1791013362795(1).jpeg,宝箱,宝箱 chest_04・開封1,宝箱（4種類＝別ランク・別用途。正式の対応表は待ち）,正式素材,実装済み（Chapter 1 の特別な宝箱）,保存済み,assets/chests/chest_04_anim_01.webp,あり（灰色の無地の背景を除去）,assets/chests/original/chest_04_anim_01.jpeg,a4c8532ae6c6d39244835d97737bc7a3c094bd50525299c6ba24ccdb90f4d539
18,part1,01_treasure_chests,chest_04_anim_02.jpeg,file_1791013369317(1).jpeg,宝箱,宝箱 chest_04・開封2,宝箱（4種類＝別ランク・別用途。正式の対応表は待ち）,正式素材,実装済み（Chapter 1 の特別な宝箱）,保存済み,assets/chests/chest_04_anim_02.webp,あり（灰色の無地の背景を除去）,assets/chests/original/chest_04_anim_02.jpeg,25848c5cc7369d05ea91735e31f0c2e6b7c2569c1155a57df3181876ea70f445
19,part1,01_treasure_chests,chest_04_anim_03.jpeg,file_1791013372041(1).jpeg,宝箱,宝箱 chest_04・開封3,宝箱（4種類＝別ランク・別用途。正式の対応表は待ち）,正式素材,実装済み（Chapter 1 の特別な宝箱）,保存済み,assets/chests/chest_04_anim_03.webp,あり（灰色の無地の背景を除去）,assets/chests/original/chest_04_anim_03.jpeg,c1bdf6ee269ea1211d46582380003d3bd575bdad42685b681af2effc983ee9b0
20,part1,01_treasure_chests,chest_04_anim_04.jpeg,file_1791013375883(1).jpeg,宝箱,宝箱 chest_04・開封4,宝箱（4種類＝別ランク・別用途。正式の対応表は待ち）,正式素材,実装済み（Chapter 1 の特別な宝箱）,保存済み,assets/chests/chest_04_anim_04.webp,あり（灰色の無地の背景を除去）,assets/chests/original/chest_04_anim_04.jpeg,0c531d4eb1109db887ec4394a6278dfbad4e62a791402f61079c9268d73be0d5
21,part1,02_npc_message_ui,02_npc_message_ui_01.jpeg,file_1791016840784.jpeg,NPC会話UI,会話ウィンドウの枠,NPC会話UIの見た目（HTML/CSS で再構築）,参考画像（UI参考）,UIとして再構築済み（画像そのものは使わない）,未保存,なし,なし,未保存（ユーザーの手元の ZIP が原本）,1983660517e9947d160475f6d9580562a084f08ff0469dbfe487d9ac052e5fda
22,part1,02_npc_message_ui,02_npc_message_ui_02.jpeg,file_1791016842765.jpeg,NPC会話UI,名前札・送りマーク・顔の枠（白背景）,NPC会話UIの見た目（HTML/CSS で再構築）,参考画像（UI参考）,UIとして再構築済み（画像そのものは使わない）,未保存,なし,なし,未保存（ユーザーの手元の ZIP が原本）,b8235690324745469329bb5b63e42c23ccbf282ca58ac08faf071571c2a6c184
23,part1,02_npc_message_ui,02_npc_message_ui_03.jpeg,file_1791016847219.jpeg,NPC会話UI,名前札・送りマーク・顔の枠（市松）,NPC会話UIの見た目（HTML/CSS で再構築）,参考画像（UI参考）,UIとして再構築済み（画像そのものは使わない）,未保存,なし,なし,未保存（ユーザーの手元の ZIP が原本）,383a1f3ca80e8f71250a1b20da57c4312b0624548338ed0390fc3af74ecb3ca6
24,part1,02_npc_message_ui,02_npc_message_ui_04.jpeg,file_1791016851769.jpeg,NPC会話UI,組み合わせの見本（参考の街・参考の人物）,NPC会話UIの見た目（HTML/CSS で再構築）,参考画像（UI参考）,UIとして再構築済み（画像そのものは使わない）,未保存,なし,なし,未保存（ユーザーの手元の ZIP が原本）,57b7993cc7c0e8d4a9689b547417f9163c53c27ee43354638e8e519e90afe758
25,part2,03_first_town_guide_fina,03_first_town_guide_fina_01.jpeg,file_1791016944581.jpeg,初回の街案内（フィナ）,初回の街案内 1（参考のフィナ・参考の街）,構図・NPCの大きさ・会話ウィンドウの位置の参考だけ,参考画像（参考専用）,参考のみ（実装なし。正式フィナ・正式の街は変えない）,未保存,なし,なし,未保存（ユーザーの手元の ZIP が原本）,081d7e2575b5199eceeced44a9874db2fa9eb2588762e4b69fbb30ab5e8fe24c
26,part2,03_first_town_guide_fina,03_first_town_guide_fina_02.jpeg,file_1791016948824.jpeg,初回の街案内（フィナ）,初回の街案内 2（参考のフィナ・参考の街）,構図・NPCの大きさ・会話ウィンドウの位置の参考だけ,参考画像（参考専用）,参考のみ（実装なし。正式フィナ・正式の街は変えない）,未保存,なし,なし,未保存（ユーザーの手元の ZIP が原本）,7d45e36040b0f98dd2f8f836508955e93380ad3fcc80a119e170604df971cffb
27,part2,03_first_town_guide_fina,03_first_town_guide_fina_03.jpeg,file_1791016951960.jpeg,初回の街案内（フィナ）,初回の街案内 3（参考のフィナ・参考の街）,構図・NPCの大きさ・会話ウィンドウの位置の参考だけ,参考画像（参考専用）,参考のみ（実装なし。正式フィナ・正式の街は変えない）,未保存,なし,なし,未保存（ユーザーの手元の ZIP が原本）,6d52526b77c38af161803e0e4f496c0d3e8a7790cfdd0c883b55e0ef7ae0b690
28,part2,03_first_town_guide_fina,03_first_town_guide_fina_04.jpeg,file_1791016964188.jpeg,初回の街案内（フィナ）,初回の街案内 4（参考のフィナ・参考の街）,構図・NPCの大きさ・会話ウィンドウの位置の参考だけ,参考画像（参考専用）,参考のみ（実装なし。正式フィナ・正式の街は変えない）,未保存,なし,なし,未保存（ユーザーの手元の ZIP が原本）,9ce2353154494b150b6ca03ccc62529dce71f9a5bfa89c544ff855ebbdcfb469
29,part2,03_first_town_guide_fina,03_first_town_guide_fina_05.jpeg,file_1791016968825.jpeg,初回の街案内（フィナ）,初回の街案内 5（参考のフィナ・参考の街）,構図・NPCの大きさ・会話ウィンドウの位置の参考だけ,参考画像（参考専用）,参考のみ（実装なし。正式フィナ・正式の街は変えない）,未保存,なし,なし,未保存（ユーザーの手元の ZIP が原本）,580a6a08325328e1e800ac8d8831df66d87931e7ac98c2d28f7bb458373529e6
30,part2,03_first_town_guide_fina,03_first_town_guide_fina_06.jpeg,file_1791016970835.jpeg,初回の街案内（フィナ）,初回の街案内 6（参考のフィナ・参考の街）,構図・NPCの大きさ・会話ウィンドウの位置の参考だけ,参考画像（参考専用）,参考のみ（実装なし。正式フィナ・正式の街は変えない）,未保存,なし,なし,未保存（ユーザーの手元の ZIP が原本）,235394b6eaee678b8ca403eb25e32cb6681785be445620f5766b6236537dbdb4
31,part2,03_first_town_guide_fina,03_first_town_guide_fina_07.jpeg,file_1791016982420.jpeg,初回の街案内（フィナ）,初回の街案内 7（参考のフィナ・参考の街）,構図・NPCの大きさ・会話ウィンドウの位置の参考だけ,参考画像（参考専用）,参考のみ（実装なし。正式フィナ・正式の街は変えない）,未保存,なし,なし,未保存（ユーザーの手元の ZIP が原本）,0f47648c762f9914695f3e158256ba9850325c0b015bfbacd983af05a570332f
32,part2,03_first_town_guide_fina,03_first_town_guide_fina_08.jpeg,file_1791016990113.jpeg,初回の街案内（フィナ）,初回の街案内 8（参考のフィナ・参考の街）,構図・NPCの大きさ・会話ウィンドウの位置の参考だけ,参考画像（参考専用）,参考のみ（実装なし。正式フィナ・正式の街は変えない）,未保存,なし,なし,未保存（ユーザーの手元の ZIP が原本）,25b482a44f7058fb086f4a9690496da75c871360e2fdee3d45c036917c646909
33,part2,03_first_town_guide_fina,03_first_town_guide_fina_09.jpeg,file_1791016991593.jpeg,初回の街案内（フィナ）,初回の街案内 9（参考のフィナ・参考の街）,構図・NPCの大きさ・会話ウィンドウの位置の参考だけ,参考画像（参考専用）,参考のみ（実装なし。正式フィナ・正式の街は変えない）,未保存,なし,なし,未保存（ユーザーの手元の ZIP が原本）,e05bf267af9e00b1bbe11ac027c9e7f4d80c5d948368568e014890abb9509c72
34,part2,04_encounter_tournament_chapter_ui,04_encounter_tournament_chapter_ui_01.jpeg,file_1791017073318.jpeg,遭遇・大会・Chapter のUI,ライバル登場＋会話（参考の人物）,遭遇・大会・Chapter の演出の参考,参考画像（UI参考）,参考のみ（実装なし）,未保存,なし,なし,未保存（ユーザーの手元の ZIP が原本）,0922b509cbd49da51eb69543e61c0ad8a5fee1c93f37ba6e2924f34d38eb889a
35,part2,04_encounter_tournament_chapter_ui,04_encounter_tournament_chapter_ui_02.jpeg,file_1791017075627.jpeg,遭遇・大会・Chapter のUI,野生モンスター遭遇（戦う／やめておく）,遭遇・大会・Chapter の演出の参考,参考画像（UI参考）,参考のみ（実装なし）,未保存,なし,なし,未保存（ユーザーの手元の ZIP が原本）,7856fddaefacf9faaff1f07368245f094d1b67fb69c94abdce07316145047607
36,part2,04_encounter_tournament_chapter_ui,04_encounter_tournament_chapter_ui_03.jpeg,file_1791017077483.jpeg,遭遇・大会・Chapter のUI,MATCH UP／VS,遭遇・大会・Chapter の演出の参考,参考画像（UI参考）,参考のみ（実装なし）,未保存,なし,なし,未保存（ユーザーの手元の ZIP が原本）,b899a95e139b88244b8d0896cd681414b761770be1634fc189895c073982de1f
37,part2,04_encounter_tournament_chapter_ui,04_encounter_tournament_chapter_ui_04.jpeg,file_1791017080153.jpeg,遭遇・大会・Chapter のUI,Chapter のイベント会話（参考のNPC）,遭遇・大会・Chapter の演出の参考,参考画像（UI参考）,参考のみ（実装なし）,未保存,なし,なし,未保存（ユーザーの手元の ZIP が原本）,139052b0bda0d601ed6ba501909d398453743c727e7cc1d5f9848167c5c953ea
38,part2,04_encounter_tournament_chapter_ui,04_encounter_tournament_chapter_ui_05.jpeg,file_1791017081984.jpeg,遭遇・大会・Chapter のUI,能力UP（6能力の一覧）,遭遇・大会・Chapter の演出の参考,参考画像（UI参考）,参考のみ（実装なし）,未保存,なし,なし,未保存（ユーザーの手元の ZIP が原本）,b4020c272b25db1421092cd6b723025ef9a11352e8bbd26e088c16805d28be31
39,part2,04_encounter_tournament_chapter_ui,04_encounter_tournament_chapter_ui_06.jpeg,file_1791017084504.jpeg,遭遇・大会・Chapter のUI,アイテム獲得,遭遇・大会・Chapter の演出の参考,参考画像（UI参考）,参考のみ（実装なし）,未保存,なし,なし,未保存（ユーザーの手元の ZIP が原本）,2b3a6bf8b03f0d29a9f6d77821bcaedc94d6dc0e46f9040cdbb5686a479c1676
40,part2,04_encounter_tournament_chapter_ui,04_encounter_tournament_chapter_ui_07.jpeg,file_1791017091062.jpeg,遭遇・大会・Chapter のUI,RIVAL フラッシュ（ライバルが現れた）,遭遇・大会・Chapter の演出の参考,参考画像（UI参考）,UIとして再構築済み（RIVAL の一瞬・Chapter 1 だけ）,未保存,なし,なし,未保存（ユーザーの手元の ZIP が原本）,036d744cbbbeb1c142d0314019b61a97c9831a72215311a9f2895097d9162b68
41,part2,04_encounter_tournament_chapter_ui,04_encounter_tournament_chapter_ui_08.jpeg,file_1791017093468.jpeg,遭遇・大会・Chapter のUI,BATTLE START（バトルがはじまる）,遭遇・大会・Chapter の演出の参考,参考画像（UI参考）,参考のみ（実装なし）,未保存,なし,なし,未保存（ユーザーの手元の ZIP が原本）,1ab64560bbfa2debcdc16b0b38bf8d4cef8c05d597039f6e8314be86cceb745b
42,part2,04_encounter_tournament_chapter_ui,04_encounter_tournament_chapter_ui_09.jpeg,file_1791017096387.jpeg,遭遇・大会・Chapter のUI,特殊ノラモン遭遇（★レア）,遭遇・大会・Chapter の演出の参考,参考画像（UI参考）,UIとして再構築済み（レアの後光・★ レア・Chapter 1 だけ）,未保存,なし,なし,未保存（ユーザーの手元の ZIP が原本）,73989418164815a328949a50dd982b3ba6b2083f146c29c465434e1f91b58476
43,part2,04_encounter_tournament_chapter_ui,04_encounter_tournament_chapter_ui_10.jpeg,file_1791017098663.jpeg,遭遇・大会・Chapter のUI,大会進行（成績・次の対戦相手）,遭遇・大会・Chapter の演出の参考,参考画像（UI参考）,参考のみ（実装なし）,未保存,なし,なし,未保存（ユーザーの手元の ZIP が原本）,98d98be48480140b3d6dabc28910cc21af5e1b9398e1ed20487d8cbc65afb11d
44,part3,05_fusion_effect_sequence,fusion_01.jpeg,file_1791017101286.jpeg,合体エフェクト（ZIP の分類）,MATCH UP（UI参考の絵）,合体エフェクト（ZIP の分類）。実際の絵は UI参考,正式素材,保存のみ（05／06 の分類ずれ＝正式の10枚と順番は待ち。接続しない）,保存済み,なし,なし,assets/fx/fusion/pack05_fusion_effect_sequence/fusion_01.jpeg,f3bf2bdf5d54abbfb9a75d724efb2a0089c2b70b89999da60a7e0c6b95455591
45,part3,05_fusion_effect_sequence,fusion_02.jpeg,file_1791017104549.jpeg,合体エフェクト（ZIP の分類）,BATTLE PREVIEW／能力比較（UI参考の絵）,合体エフェクト（ZIP の分類）。実際の絵は UI参考,正式素材,保存のみ（05／06 の分類ずれ＝正式の10枚と順番は待ち。接続しない）,保存済み,なし,なし,assets/fx/fusion/pack05_fusion_effect_sequence/fusion_02.jpeg,151223a60d3944f4b83258f1b01309afd85e1214309001b07dcbda0b2bb29f6d
46,part3,05_fusion_effect_sequence,fusion_03.jpeg,file_1791017107269.jpeg,合体エフェクト（ZIP の分類）,BATTLE START（UI参考の絵）,合体エフェクト（ZIP の分類）。実際の絵は UI参考,正式素材,保存のみ（05／06 の分類ずれ＝正式の10枚と順番は待ち。接続しない）,保存済み,なし,なし,assets/fx/fusion/pack05_fusion_effect_sequence/fusion_03.jpeg,f93e005464f8ba4f9c8f7f817e825b2b724653eb1faf206d954e06a0dd2c145c
47,part3,05_fusion_effect_sequence,fusion_04.jpeg,file_1791017111709.jpeg,合体エフェクト（ZIP の分類）,Chapter 通常イベント会話（参考のフィナ）,合体エフェクト（ZIP の分類）。実際の絵は UI参考,正式素材,保存のみ（05／06 の分類ずれ＝正式の10枚と順番は待ち。接続しない）,保存済み,なし,なし,assets/fx/fusion/pack05_fusion_effect_sequence/fusion_04.jpeg,f72892219e850ceb5ff890a8e1ebb5c793d30e3f8a726fc0614310c63ebcad57
48,part3,05_fusion_effect_sequence,fusion_05.jpeg,file_1791017113503.jpeg,合体エフェクト（ZIP の分類）,Chapter 重要イベント会話（参考の人物）,合体エフェクト（ZIP の分類）。実際の絵は UI参考,正式素材,保存のみ（05／06 の分類ずれ＝正式の10枚と順番は待ち。接続しない）,保存済み,なし,なし,assets/fx/fusion/pack05_fusion_effect_sequence/fusion_05.jpeg,98d707e0a4c7ed82b9857b02c83836a38a846a3532d7f813501a418dba244f51
49,part3,05_fusion_effect_sequence,fusion_06.jpeg,file_1791017115349.jpeg,合体エフェクト（ZIP の分類）,報酬カード（上位）,合体エフェクト（ZIP の分類）。実際の絵は UI参考,正式素材,保存のみ（05／06 の分類ずれ＝正式の10枚と順番は待ち。接続しない）,保存済み,なし,なし,assets/fx/fusion/pack05_fusion_effect_sequence/fusion_06.jpeg,9ce12018fc11d427923f6da9c0dafce955b97f2bf14310d9e6848e8ec54a48e6
50,part3,05_fusion_effect_sequence,fusion_07.jpeg,file_1791017118025.jpeg,合体エフェクト（ZIP の分類）,アイテム獲得（特別）,合体エフェクト（ZIP の分類）。実際の絵は UI参考,正式素材,保存のみ（05／06 の分類ずれ＝正式の10枚と順番は待ち。接続しない）,保存済み,なし,なし,assets/fx/fusion/pack05_fusion_effect_sequence/fusion_07.jpeg,02be8742b208461c627699472fcc74b9455f8f03d8d70e79413dd78b1b513896
51,part3,05_fusion_effect_sequence,fusion_08.jpeg,file_1791017241674.jpeg,合体エフェクト（ZIP の分類）,研究所の合体装置（待機）,合体エフェクト（ZIP の分類）。実際の絵は 合体装置,正式素材,保存のみ（05／06 の分類ずれ＝正式の10枚と順番は待ち。接続しない）,保存済み,なし,なし,assets/fx/fusion/pack05_fusion_effect_sequence/fusion_08.jpeg,7edc941f15a70ef0db821f65d2f71e8be48a1d6de91bd386ce5d6a651bd6675d
52,part3,05_fusion_effect_sequence,fusion_09.jpeg,file_1791017243184.jpeg,合体エフェクト（ZIP の分類）,研究所の合体装置（光が満ちる）,合体エフェクト（ZIP の分類）。実際の絵は 合体装置,正式素材,保存のみ（05／06 の分類ずれ＝正式の10枚と順番は待ち。接続しない）,保存済み,なし,なし,assets/fx/fusion/pack05_fusion_effect_sequence/fusion_09.jpeg,b3e36e8a7c40102cfc142fbd9bc44aa7e95aad0a5d2021368bd0a74f73d434c3
53,part3,05_fusion_effect_sequence,fusion_10.jpeg,file_1791017245187.jpeg,合体エフェクト（ZIP の分類）,研究所の合体装置（2つの光が入る）,合体エフェクト（ZIP の分類）。実際の絵は 合体装置,正式素材,保存のみ（05／06 の分類ずれ＝正式の10枚と順番は待ち。接続しない）,保存済み,なし,なし,assets/fx/fusion/pack05_fusion_effect_sequence/fusion_10.jpeg,913fb6406e0a9eb3c47c708aeac7e34cffd1cf37437dbf3943759eefd88554c0
54,part2,06_encounter_tournament_chapter_ui_cont,06_encounter_tournament_chapter_ui_cont_01.jpeg,file_1791017246460.jpeg,遭遇・大会・Chapter のUI 続き（ZIP の分類）,合体装置：らせんの光,（ZIP では UI参考）実際の絵は合体装置の連続コマ,参考画像（UI参考）,保存のみ（05／06 の分類ずれ＝正式の10枚と順番は待ち。接続しない）,保存済み,なし,なし,assets/fx/fusion/pack06_encounter_tournament_chapter_ui_cont/06_encounter_tournament_chapter_ui_cont_01.jpeg,9a804a540cb84cbf57e53dc993e69388aaf4bb57989d4e49779f7597c4b8e515
55,part2,06_encounter_tournament_chapter_ui_cont,06_encounter_tournament_chapter_ui_cont_02.jpeg,file_1791017247907.jpeg,遭遇・大会・Chapter のUI 続き（ZIP の分類）,合体装置：光の球,（ZIP では UI参考）実際の絵は合体装置の連続コマ,参考画像（UI参考）,保存のみ（05／06 の分類ずれ＝正式の10枚と順番は待ち。接続しない）,保存済み,なし,なし,assets/fx/fusion/pack06_encounter_tournament_chapter_ui_cont/06_encounter_tournament_chapter_ui_cont_02.jpeg,50ac7787bf9763e7b6a05ce33ea051c222ef009978b6694342d43eaf8f585762
56,part2,06_encounter_tournament_chapter_ui_cont,06_encounter_tournament_chapter_ui_cont_03.jpeg,file_1791017249909.jpeg,遭遇・大会・Chapter のUI 続き（ZIP の分類）,合体装置：閃光,（ZIP では UI参考）実際の絵は合体装置の連続コマ,参考画像（UI参考）,保存のみ（05／06 の分類ずれ＝正式の10枚と順番は待ち。接続しない）,保存済み,なし,なし,assets/fx/fusion/pack06_encounter_tournament_chapter_ui_cont/06_encounter_tournament_chapter_ui_cont_03.jpeg,bed0bf4400ab8bb5396cdbdbee9c257cf1a7b8279fdc49cd3117c75a39766bff
57,part2,06_encounter_tournament_chapter_ui_cont,06_encounter_tournament_chapter_ui_cont_04.jpeg,file_1791017251457.jpeg,遭遇・大会・Chapter のUI 続き（ZIP の分類）,合体装置：白い光,（ZIP では UI参考）実際の絵は合体装置の連続コマ,参考画像（UI参考）,保存のみ（05／06 の分類ずれ＝正式の10枚と順番は待ち。接続しない）,保存済み,なし,なし,assets/fx/fusion/pack06_encounter_tournament_chapter_ui_cont/06_encounter_tournament_chapter_ui_cont_04.jpeg,d00c38abcf35b1d2528988281dec36b04038650b5002fa134d19ef33de49b03d
58,part2,06_encounter_tournament_chapter_ui_cont,06_encounter_tournament_chapter_ui_cont_05.jpeg,file_1791017252759.jpeg,遭遇・大会・Chapter のUI 続き（ZIP の分類）,合体装置：全体が光る,（ZIP では UI参考）実際の絵は合体装置の連続コマ,参考画像（UI参考）,保存のみ（05／06 の分類ずれ＝正式の10枚と順番は待ち。接続しない）,保存済み,なし,なし,assets/fx/fusion/pack06_encounter_tournament_chapter_ui_cont/06_encounter_tournament_chapter_ui_cont_05.jpeg,a21aa5c7e4383ab7d0c9ef1e1880efd11ff59501c2de2939273c23e4c5fed384
59,part2,06_encounter_tournament_chapter_ui_cont,06_encounter_tournament_chapter_ui_cont_06.jpeg,file_1791017254720.jpeg,遭遇・大会・Chapter のUI 続き（ZIP の分類）,合体装置：青い光の扉,（ZIP では UI参考）実際の絵は合体装置の連続コマ,参考画像（UI参考）,保存のみ（05／06 の分類ずれ＝正式の10枚と順番は待ち。接続しない）,保存済み,なし,なし,assets/fx/fusion/pack06_encounter_tournament_chapter_ui_cont/06_encounter_tournament_chapter_ui_cont_06.jpeg,bafcc30e4e01627f93023063d0488ded7df3476dd3a1ea51107c81488e7bfe0e
60,part2,06_encounter_tournament_chapter_ui_cont,06_encounter_tournament_chapter_ui_cont_07.jpeg,file_1791017256096.jpeg,遭遇・大会・Chapter のUI 続き（ZIP の分類）,合体装置：光の扉（収束）,（ZIP では UI参考）実際の絵は合体装置の連続コマ,参考画像（UI参考）,保存のみ（05／06 の分類ずれ＝正式の10枚と順番は待ち。接続しない）,保存済み,なし,なし,assets/fx/fusion/pack06_encounter_tournament_chapter_ui_cont/06_encounter_tournament_chapter_ui_cont_07.jpeg,1d89b49273c469ac6cd7886c03514a31b31f7a37c9c2c482190fe09309f9f2b4
61,part3,07_wild_sacred_beast_encounter_sequence,sacred_beast_encounter_01.jpeg,file_1791017362444.jpeg,野生聖獣の遭遇,野生聖獣の遭遇 1／8,特別な遭遇のシネマティック演出,正式素材,保存のみ（再生器 MMSEQ.sacredBeast を準備。聖獣のシステムが無く、どこからも呼ばない）,保存済み,assets/fx/sacred_beast/sacred_beast_encounter_01.webp（1280×720 に縮小）,なし,assets/fx/sacred_beast/original/sacred_beast_encounter_01.jpeg,3a1c7e1a65266956ae0b3dc1e85ebea3c39ecbd0f6bde604d59cb493234060ab
62,part3,07_wild_sacred_beast_encounter_sequence,sacred_beast_encounter_02.jpeg,file_1791017370241.jpeg,野生聖獣の遭遇,野生聖獣の遭遇 2／8,特別な遭遇のシネマティック演出,正式素材,保存のみ（再生器 MMSEQ.sacredBeast を準備。聖獣のシステムが無く、どこからも呼ばない）,保存済み,assets/fx/sacred_beast/sacred_beast_encounter_02.webp（1280×720 に縮小）,なし,assets/fx/sacred_beast/original/sacred_beast_encounter_02.jpeg,1dc5a1d9d452ef336e1675189a3fddcd60c4609a359c904c7a9dd6a5d9a98813
63,part3,07_wild_sacred_beast_encounter_sequence,sacred_beast_encounter_03.jpeg,file_1791017375141.jpeg,野生聖獣の遭遇,野生聖獣の遭遇 3／8,特別な遭遇のシネマティック演出,正式素材,保存のみ（再生器 MMSEQ.sacredBeast を準備。聖獣のシステムが無く、どこからも呼ばない）,保存済み,assets/fx/sacred_beast/sacred_beast_encounter_03.webp（1280×720 に縮小）,なし,assets/fx/sacred_beast/original/sacred_beast_encounter_03.jpeg,891dcccd3df8fb19979da9e0fcf1174435cfa15364ba4d8b91d44e62fde4d956
64,part3,07_wild_sacred_beast_encounter_sequence,sacred_beast_encounter_04.jpeg,file_1791017377569.jpeg,野生聖獣の遭遇,野生聖獣の遭遇 4／8,特別な遭遇のシネマティック演出,正式素材,保存のみ（再生器 MMSEQ.sacredBeast を準備。聖獣のシステムが無く、どこからも呼ばない）,保存済み,assets/fx/sacred_beast/sacred_beast_encounter_04.webp（1280×720 に縮小）,なし,assets/fx/sacred_beast/original/sacred_beast_encounter_04.jpeg,e04214e08663303c2d089f2c47fff1d2eda6d2745ec840b9eed87ddcc70fb69f
65,part3,07_wild_sacred_beast_encounter_sequence,sacred_beast_encounter_05.jpeg,file_1791017379521.jpeg,野生聖獣の遭遇,野生聖獣の遭遇 5／8,特別な遭遇のシネマティック演出,正式素材,保存のみ（再生器 MMSEQ.sacredBeast を準備。聖獣のシステムが無く、どこからも呼ばない）,保存済み,assets/fx/sacred_beast/sacred_beast_encounter_05.webp（1280×720 に縮小）,なし,assets/fx/sacred_beast/original/sacred_beast_encounter_05.jpeg,025601b57f8fe85e7e896c1ef5c578a97e0e43f5f4977df39747ff1c020acd3c
66,part3,07_wild_sacred_beast_encounter_sequence,sacred_beast_encounter_06.jpeg,file_1791017381746.jpeg,野生聖獣の遭遇,野生聖獣の遭遇 6／8,特別な遭遇のシネマティック演出,正式素材,保存のみ（再生器 MMSEQ.sacredBeast を準備。聖獣のシステムが無く、どこからも呼ばない）,保存済み,assets/fx/sacred_beast/sacred_beast_encounter_06.webp（1280×720 に縮小）,なし,assets/fx/sacred_beast/original/sacred_beast_encounter_06.jpeg,e44ca3601f0c355dc7beaf2512420b43c41bd5b220bd80061e3442325a9626d3
67,part3,07_wild_sacred_beast_encounter_sequence,sacred_beast_encounter_07.jpeg,file_1791017383423.jpeg,野生聖獣の遭遇,野生聖獣の遭遇 7／8,特別な遭遇のシネマティック演出,正式素材,保存のみ（再生器 MMSEQ.sacredBeast を準備。聖獣のシステムが無く、どこからも呼ばない）,保存済み,assets/fx/sacred_beast/sacred_beast_encounter_07.webp（1280×720 に縮小）,なし,assets/fx/sacred_beast/original/sacred_beast_encounter_07.jpeg,47b1743e444ab47b2eb060219b3a76113a232597701aded2b5552bef1e32c4bc
68,part3,07_wild_sacred_beast_encounter_sequence,sacred_beast_encounter_08.jpeg,file_1791017385544.jpeg,野生聖獣の遭遇,野生聖獣の遭遇 8／8,特別な遭遇のシネマティック演出,正式素材,保存のみ（再生器 MMSEQ.sacredBeast を準備。聖獣のシステムが無く、どこからも呼ばない）,保存済み,assets/fx/sacred_beast/sacred_beast_encounter_08.webp（1280×720 に縮小）,なし,assets/fx/sacred_beast/original/sacred_beast_encounter_08.jpeg,23708900b3141a0e27e452a8d1c6be90f9cf8a0c4934d02c3d7b28570fbb89a2
69,part3,08_item_shop_npc,item_shop_npc.jpeg,file_1791017421930.jpeg,アイテム屋NPC,アイテム屋のNPC（全身）,アイテム屋の画面,正式素材,実装済み（立ち姿だけ。名前・会話は未確定のため出さない）,保存済み,assets/shop/shop_npc.webp,あり（明るい灰色の無地の背景を除去）,assets/shop/original/item_shop_npc.jpeg,310f3e4f8415e668f0697cc60a9991ddc435eccadbb7d286936d127521996a2c
70,part3,09_item_shop_background,item_shop_background.jpeg,file_1791017446740.jpeg,アイテム屋の背景,アイテム屋の店内,アイテム屋の画面の背景,正式素材,実装済み,保存済み,assets/shop/shop_bg.webp（WebP に変換・大きさそのまま）,なし,assets/shop/original/item_shop_background.jpeg,7c6fdaa1d42068429bbed5063459a48ca2fd8b0124ae1b16b242d1d7be3ba200
71,part3,10_tournament_reward_unlock_fx,reward_unlock_01.jpeg,file_1791017483082.jpeg,大会の報酬・解放演出,光の門と断ち切られた鎖,大会の報酬・機能の解放の演出（正式用途は待ち）,正式素材,保存のみ（透過を試したが品質不足＝透過元 PNG 待ち）,保存済み,なし,試したが不採用,assets/tournament/reward_unlock/original/reward_unlock_01.jpeg,bf83f26a4b85ae39568b0f81dbf4b6a11938e13203819746f1fca90a3ada5894
72,part3,10_tournament_reward_unlock_fx,reward_unlock_02.jpeg,file_1791017484597.jpeg,大会の報酬・解放演出,光の柱,大会の報酬・機能の解放の演出（正式用途は待ち）,正式素材,保存のみ（透過を試したが品質不足＝透過元 PNG 待ち）,保存済み,なし,試したが不採用,assets/tournament/reward_unlock/original/reward_unlock_02.jpeg,fc85df8592aa36c142cbc76d7fce7421cd93aa2cfd57c6efc964f3f5a42191ac
73,part3,10_tournament_reward_unlock_fx,reward_unlock_03.jpeg,file_1791017486142.jpeg,大会の報酬・解放演出,光の宝の山,大会の報酬・機能の解放の演出（正式用途は待ち）,正式素材,保存のみ（透過を試したが品質不足＝透過元 PNG 待ち）,保存済み,なし,試したが不採用,assets/tournament/reward_unlock/original/reward_unlock_03.jpeg,89a49ffa7dc3a7b264a7c14b6ce35cb1df5ea68704472da233f38cdcf3140191
74,part3,10_tournament_reward_unlock_fx,reward_unlock_04.jpeg,file_1791017487526.jpeg,大会の報酬・解放演出,光の鳳凰,大会の報酬・機能の解放の演出（正式用途は待ち）,正式素材,保存のみ（透過を試したが品質不足＝透過元 PNG 待ち）,保存済み,なし,試したが不採用,assets/tournament/reward_unlock/original/reward_unlock_04.jpeg,fb8640156e27cbb9cdfd1fe8fcdfc1980b9d01a15fb79ef3f797820588f7a3ba
75,part3,11_tournament_rank_emblems_sheet,tournament_rank_emblems_6set.jpeg,file_1791017514386.jpeg,大会ランクエンブレム,ランクエンブレム6種のシート,大会ランク E〜S（対応は待ち）,正式素材,保存のみ（E〜S の割り当て待ち）,保存済み,assets/tournament/rank_emblems/slices/emblem_slot1〜6.jpeg（位置で切り出し・市松模様の背景ごと）,なし（白い宝石と光で品質不足＝透過元 PNG 待ち）,assets/tournament/rank_emblems/original/tournament_rank_emblems_6set.jpeg,e5dbe08a7cf33da2ac22755ea2c2835c0f0682195ea917c7405bb30488f23997
